id,gender,age_group,drug_use
1,male,18-30,0
2,male,18-30,1
3,male,18-30,0
4,male,18-30,1
5,male,18-30,1
6,male,18-30,0
7,male,18-30,0
8,male,18-30,1
9,male,18-30,0
10,male,18-30,0
11,male,18-30,1
12,male,18-30,0
13,male,18-30,0
14,male,18-30,0
15,male,18-30,0
16,male,18-30,1
17,male,18-30,0
18,male,18-30,0
19,male,18-30,0
20,male,18-30,1
21,male,18-30,1
22,male,18-30,0
23,male,18-30,0
24,male,18-30,1
25,male,18-30,0
26,male,18-30,0
27,male,18-30,0
28,male,18-30,0
29,male,18-30,0
30,male,18-30,0
31,male,18-30,1
32,male,18-30,1
33,male,18-30,0
34,male,18-30,1
35,male,18-30,0
36,male,18-30,0
37,male,18-30,1
38,male,18-30,0
39,male,18-30,0
40,male,18-30,0
41,male,18-30,0
42,male,18-30,0
43,male,18-30,0
44,male,18-30,0
45,male,18-30,0
46,male,18-30,0
47,male,18-30,0
48,male,18-30,0
49,male,18-30,0
50,male,18-30,1
51,male,18-30,0
52,male,18-30,0
53,male,18-30,1
54,male,18-30,0
55,male,18-30,0
56,male,18-30,0
57,male,18-30,0
58,male,18-30,1
59,male,18-30,1
60,male,18-30,0
61,male,18-30,0
62,male,18-30,0
63,male,18-30,0
64,male,18-30,0
65,male,18-30,1
66,male,18-30,0
67,male,18-30,1
68,male,18-30,1
69,male,18-30,1
70,male,18-30,0
71,male,18-30,1
72,male,18-30,0
73,male,18-30,0
74,male,18-30,0
75,male,18-30,0
76,male,18-30,0
77,male,18-30,0
78,male,18-30,0
79,male,18-30,0
80,male,18-30,0
81,male,18-30,0
82,male,18-30,0
83,male,18-30,0
84,male,18-30,1
85,male,18-30,0
86,male,18-30,0
87,male,18-30,1
88,male,18-30,1
89,male,18-30,1
90,male,18-30,0
91,male,18-30,0
92,male,18-30,0
93,male,18-30,0
94,male,18-30,0
95,male,18-30,0
96,male,18-30,0
97,male,18-30,1
98,male,18-30,0
99,male,18-30,0
100,male,18-30,0
101,male,18-30,0
102,male,18-30,0
103,male,18-30,0
104,male,18-30,1
105,male,18-30,0
106,male,18-30,1
107,male,18-30,1
108,male,18-30,0
109,male,18-30,0
110,male,18-30,0
111,male,18-30,1
112,male,18-30,0
113,male,18-30,0
114,male,18-30,1
115,male,18-30,0
116,male,18-30,0
117,male,18-30,0
118,male,18-30,1
119,male,18-30,0
120,male,18-30,0
121,male,18-30,0
122,male,18-30,0
123,male,18-30,0
124,male,18-30,0
125,male,18-30,0
126,male,18-30,1
127,male,18-30,0
128,male,18-30,0
129,male,18-30,0
130,male,18-30,0
131,male,18-30,0
132,male,18-30,1
133,male,18-30,0
134,male,18-30,1
135,male,18-30,0
136,male,18-30,0
137,male,18-30,1
138,male,18-30,1
139,male,18-30,1
140,male,18-30,0
141,male,18-30,0
142,male,18-30,0
143,male,18-30,0
144,male,18-30,0
145,male,18-30,1
146,male,18-30,0
147,male,18-30,0
148,male,18-30,0
149,male,18-30,0
150,male,18-30,1
151,male,18-30,1
152,male,18-30,0
153,male,18-30,0
154,male,18-30,0
155,male,18-30,0
156,male,18-30,0
157,male,18-30,0
158,male,18-30,0
159,male,18-30,0
160,male,18-30,0
161,male,18-30,0
162,male,18-30,0
163,male,18-30,0
164,male,18-30,0
165,male,18-30,0
166,male,18-30,0
167,male,18-30,1
168,male,18-30,0
169,male,18-30,0
170,male,18-30,0
171,male,18-30,0
172,male,18-30,0
173,male,18-30,1
174,male,18-30,1
175,male,18-30,0
176,male,18-30,0
177,male,18-30,0
178,male,18-30,0
179,male,18-30,1
180,male,18-30,0
181,male,18-30,1
182,male,18-30,0
183,male,18-30,0
184,male,18-30,0
185,male,18-30,0
186,male,18-30,0
187,male,18-30,0
188,male,18-30,0
189,male,18-30,1
190,male,18-30,1
191,male,18-30,0
192,male,18-30,0
193,male,18-30,1
194,male,18-30,0
195,male,18-30,1
196,male,18-30,0
197,male,18-30,0
198,male,18-30,0
199,male,18-30,0
200,male,18-30,0
201,male,18-30,0
202,male,18-30,1
203,male,18-30,0
204,male,18-30,0
205,male,18-30,0
206,male,18-30,1
207,male,18-30,0
208,male,18-30,0
209,male,18-30,0
210,male,18-30,0
211,male,18-30,0
212,male,18-30,0
213,male,18-30,0
214,male,18-30,0
215,male,18-30,0
216,male,18-30,0
217,male,18-30,0
218,male,18-30,0
219,male,18-30,1
220,male,18-30,1
221,male,18-30,0
222,male,18-30,1
223,male,18-30,0
224,male,18-30,0
225,male,18-30,0
226,male,18-30,0
227,male,18-30,0
228,male,18-30,0
229,male,18-30,0
230,male,18-30,1
231,male,18-30,0
232,male,18-30,0
233,male,18-30,0
234,male,18-30,0
235,male,18-30,0
236,male,18-30,0
237,male,18-30,0
238,male,18-30,1
239,male,18-30,0
240,male,18-30,1
241,male,18-30,0
242,male,18-30,0
243,male,18-30,0
244,male,18-30,0
245,male,18-30,0
246,male,18-30,0
247,male,18-30,0
248,male,18-30,1
249,male,31-50,1
250,male,31-50,0
251,male,31-50,0
252,male,31-50,0
253,male,31-50,0
254,male,31-50,0
255,male,31-50,0
256,male,31-50,0
257,male,31-50,0
258,male,31-50,0
259,male,31-50,0
260,male,31-50,1
261,male,31-50,1
262,male,31-50,1
263,male,31-50,0
264,male,31-50,1
265,male,31-50,0
266,male,31-50,0
267,male,31-50,0
268,male,31-50,0
269,male,31-50,0
270,male,31-50,0
271,male,31-50,1
272,male,31-50,0
273,male,31-50,0
274,male,31-50,0
275,male,31-50,0
276,male,31-50,0
277,male,31-50,1
278,male,31-50,0
279,male,31-50,0
280,male,31-50,0
281,male,31-50,0
282,male,31-50,0
283,male,31-50,0
284,male,31-50,0
285,male,31-50,0
286,male,31-50,0
287,male,31-50,0
288,male,31-50,0
289,male,31-50,0
290,male,31-50,0
291,male,31-50,0
292,male,31-50,0
293,male,31-50,0
294,male,31-50,1
295,male,31-50,0
296,male,31-50,0
297,male,31-50,1
298,male,31-50,0
299,male,31-50,0
300,male,31-50,0
301,male,31-50,0
302,male,31-50,0
303,male,31-50,0
304,male,31-50,0
305,male,31-50,0
306,male,31-50,0
307,male,31-50,0
308,male,31-50,0
309,male,31-50,0
310,male,31-50,0
311,male,31-50,0
312,male,31-50,0
313,male,31-50,0
314,male,31-50,0
315,male,31-50,0
316,male,31-50,0
317,male,31-50,1
318,male,31-50,0
319,male,31-50,0
320,male,31-50,1
321,male,31-50,1
322,male,31-50,0
323,male,31-50,0
324,male,31-50,0
325,male,31-50,0
326,male,31-50,0
327,male,31-50,1
328,male,31-50,0
329,male,31-50,0
330,male,31-50,1
331,male,31-50,0
332,male,31-50,0
333,male,31-50,0
334,male,31-50,1
335,male,31-50,0
336,male,31-50,0
337,male,31-50,0
338,male,31-50,0
339,male,31-50,0
340,male,31-50,1
341,male,31-50,0
342,male,31-50,0
343,male,31-50,0
344,male,31-50,0
345,male,31-50,0
346,male,31-50,0
347,male,31-50,1
348,male,31-50,0
349,male,31-50,0
350,male,31-50,0
351,male,31-50,0
352,male,31-50,1
353,male,31-50,0
354,male,31-50,0
355,male,31-50,0
356,male,31-50,1
357,male,31-50,0
358,male,31-50,0
359,male,31-50,0
360,male,31-50,1
361,male,31-50,0
362,male,31-50,0
363,male,31-50,1
364,male,31-50,0
365,male,31-50,0
366,male,31-50,0
367,male,31-50,0
368,male,31-50,0
369,male,31-50,0
370,male,31-50,0
371,male,31-50,0
372,male,31-50,0
373,male,31-50,1
374,male,31-50,0
375,male,31-50,0
376,male,31-50,1
377,male,31-50,0
378,male,31-50,0
379,male,31-50,0
380,male,31-50,1
381,male,31-50,0
382,male,31-50,0
383,male,31-50,0
384,male,31-50,0
385,male,31-50,0
386,male,31-50,1
387,male,31-50,0
388,male,31-50,0
389,male,31-50,0
390,male,31-50,0
391,male,31-50,1
392,male,31-50,0
393,male,31-50,0
394,male,31-50,0
395,male,31-50,0
396,male,31-50,0
397,male,31-50,0
398,male,31-50,0
399,male,31-50,0
400,male,31-50,1
401,male,31-50,1
402,male,31-50,0
403,male,31-50,1
404,male,31-50,0
405,male,31-50,0
406,male,31-50,0
407,male,31-50,0
408,male,31-50,0
409,male,31-50,0
410,male,31-50,0
411,male,31-50,0
412,male,31-50,1
413,male,31-50,0
414,male,31-50,0
415,male,31-50,0
416,male,31-50,0
417,male,31-50,1
418,male,31-50,0
419,male,31-50,0
420,male,31-50,0
421,male,31-50,0
422,male,31-50,0
423,male,31-50,0
424,male,31-50,0
425,male,31-50,1
426,male,31-50,0
427,male,31-50,0
428,male,31-50,0
429,male,31-50,0
430,male,31-50,1
431,male,31-50,1
432,male,31-50,0
433,male,31-50,0
434,male,31-50,1
435,male,31-50,0
436,male,31-50,0
437,male,31-50,0
438,male,31-50,0
439,male,31-50,0
440,male,31-50,0
441,male,31-50,0
442,male,31-50,0
443,male,31-50,0
444,male,31-50,0
445,male,31-50,1
446,male,31-50,0
447,male,31-50,0
448,male,31-50,0
449,male,31-50,0
450,male,31-50,0
451,male,31-50,0
452,male,31-50,0
453,male,31-50,0
454,male,31-50,0
455,male,31-50,0
456,male,31-50,1
457,male,31-50,0
458,male,31-50,0
459,male,31-50,0
460,male,31-50,0
461,male,31-50,1
462,male,31-50,0
463,male,31-50,0
464,male,31-50,0
465,male,31-50,0
466,male,31-50,0
467,male,31-50,0
468,male,31-50,0
469,male,31-50,0
470,male,31-50,0
471,male,31-50,0
472,male,31-50,1
473,male,31-50,0
474,male,31-50,0
475,male,31-50,0
476,male,31-50,0
477,male,31-50,0
478,male,31-50,0
479,male,31-50,0
480,male,31-50,0
481,male,31-50,0
482,male,31-50,0
483,male,31-50,0
484,male,31-50,0
485,male,31-50,1
486,male,31-50,0
487,male,31-50,0
488,male,31-50,0
489,male,31-50,0
490,male,31-50,1
491,male,31-50,1
492,male,31-50,0
493,male,31-50,0
494,male,31-50,0
495,male,31-50,0
496,male,31-50,1
497,male,31-50,0
498,male,31-50,0
499,male,31-50,0
500,male,31-50,0
501,male,31-50,0
502,male,31-50,0
503,male,31-50,0
504,male,31-50,0
505,male,31-50,0
506,male,31-50,0
507,male,31-50,0
508,male,31-50,0
509,male,31-50,1
510,male,31-50,0
511,male,31-50,0
512,male,31-50,0
513,male,31-50,1
514,male,31-50,0
515,male,31-50,0
516,male,31-50,0
517,male,31-50,0
518,male,31-50,0
519,male,31-50,0
520,male,31-50,0
521,male,31-50,0
522,male,31-50,0
523,male,31-50,0
524,male,31-50,0
525,male,31-50,0
526,male,31-50,0
527,male,31-50,1
528,male,31-50,0
529,male,31-50,1
530,male,31-50,0
531,male,31-50,1
532,male,31-50,0
533,male,31-50,0
534,male,31-50,0
535,male,31-50,0
536,male,31-50,0
537,male,31-50,0
538,male,31-50,1
539,male,31-50,0
540,male,31-50,0
541,male,31-50,0
542,male,31-50,0
543,male,31-50,1
544,male,31-50,0
545,male,31-50,0
546,male,31-50,1
547,male,31-50,0
548,male,31-50,1
549,male,31-50,0
550,male,31-50,0
551,male,31-50,0
552,male,31-50,0
553,male,31-50,0
554,male,31-50,1
555,male,31-50,0
556,male,31-50,0
557,male,31-50,0
558,male,31-50,0
559,male,31-50,0
560,male,31-50,0
561,male,31-50,0
562,male,31-50,1
563,male,31-50,0
564,male,31-50,0
565,male,31-50,0
566,male,31-50,0
567,male,31-50,0
568,male,31-50,0
569,male,31-50,0
570,male,31-50,1
571,male,31-50,0
572,male,31-50,1
573,male,31-50,0
574,male,31-50,0
575,male,31-50,1
576,male,31-50,0
577,male,31-50,0
578,male,31-50,0
579,male,31-50,0
580,male,31-50,0
581,male,31-50,1
582,male,31-50,0
583,male,31-50,1
584,male,31-50,0
585,male,31-50,1
586,male,31-50,0
587,male,31-50,0
588,male,31-50,0
589,male,31-50,1
590,male,31-50,0
591,male,31-50,0
592,male,31-50,0
593,male,31-50,1
594,male,31-50,0
595,male,31-50,0
596,male,31-50,1
597,male,31-50,0
598,male,31-50,0
599,male,31-50,1
600,male,31-50,0
601,male,31-50,0
602,male,31-50,0
603,male,31-50,0
604,male,31-50,0
605,male,31-50,0
606,male,31-50,0
607,male,31-50,0
608,male,31-50,1
609,male,31-50,0
610,male,31-50,0
611,male,31-50,0
612,male,31-50,0
613,male,31-50,0
614,male,31-50,1
615,male,31-50,0
616,male,31-50,0
617,male,31-50,1
618,male,31-50,0
619,male,31-50,1
620,male,31-50,0
621,male,31-50,1
622,male,31-50,1
623,male,31-50,0
624,male,31-50,0
625,male,31-50,0
626,male,51+,0
627,male,51+,0
628,male,51+,0
629,male,51+,0
630,male,51+,0
631,male,51+,0
632,male,51+,0
633,male,51+,0
634,male,51+,0
635,male,51+,0
636,male,51+,0
637,male,51+,1
638,male,51+,0
639,male,51+,0
640,male,51+,0
641,male,51+,0
642,male,51+,0
643,male,51+,1
644,male,51+,0
645,male,51+,0
646,male,51+,0
647,male,51+,0
648,male,51+,0
649,male,51+,0
650,male,51+,0
651,male,51+,0
652,male,51+,1
653,male,51+,0
654,male,51+,0
655,male,51+,0
656,male,51+,0
657,male,51+,1
658,male,51+,0
659,male,51+,0
660,male,51+,0
661,male,51+,0
662,male,51+,0
663,male,51+,0
664,male,51+,0
665,male,51+,0
666,male,51+,0
667,male,51+,1
668,male,51+,0
669,male,51+,0
670,male,51+,0
671,male,51+,0
672,male,51+,0
673,male,51+,0
674,male,51+,0
675,male,51+,0
676,male,51+,0
677,male,51+,0
678,male,51+,0
679,male,51+,0
680,male,51+,0
681,male,51+,0
682,male,51+,0
683,male,51+,0
684,male,51+,1
685,male,51+,1
686,male,51+,0
687,male,51+,0
688,male,51+,0
689,male,51+,0
690,male,51+,0
691,male,51+,0
692,male,51+,0
693,male,51+,0
694,male,51+,0
695,male,51+,0
696,male,51+,0
697,male,51+,0
698,male,51+,0
699,male,51+,0
700,male,51+,0
701,male,51+,0
702,male,51+,0
703,male,51+,0
704,male,51+,0
705,male,51+,0
706,male,51+,0
707,male,51+,0
708,male,51+,0
709,male,51+,0
710,male,51+,0
711,male,51+,0
712,male,51+,0
713,male,51+,0
714,male,51+,0
715,male,51+,0
716,male,51+,0
717,male,51+,0
718,male,51+,0
719,male,51+,1
720,male,51+,0
721,male,51+,0
722,male,51+,0
723,male,51+,0
724,male,51+,0
725,female,18-30,0
726,female,18-30,0
727,female,18-30,1
728,female,18-30,0
729,female,18-30,0
730,female,18-30,0
731,female,18-30,0
732,female,18-30,1
733,female,18-30,0
734,female,18-30,1
735,female,18-30,0
736,female,18-30,0
737,female,18-30,0
738,female,18-30,1
739,female,18-30,0
740,female,18-30,0
741,female,18-30,1
742,female,18-30,0
743,female,18-30,0
744,female,18-30,0
745,female,18-30,0
746,female,18-30,0
747,female,18-30,0
748,female,18-30,0
749,female,18-30,0
750,female,18-30,1
751,female,18-30,0
752,female,18-30,0
753,female,18-30,0
754,female,18-30,0
755,female,18-30,0
756,female,18-30,0
757,female,18-30,0
758,female,18-30,1
759,female,18-30,0
760,female,18-30,0
761,female,18-30,0
762,female,18-30,0
763,female,18-30,0
764,female,18-30,0
765,female,18-30,0
766,female,18-30,0
767,female,18-30,0
768,female,18-30,0
769,female,18-30,0
770,female,18-30,0
771,female,18-30,1
772,female,18-30,0
773,female,18-30,0
774,female,18-30,0
775,female,18-30,0
776,female,18-30,0
777,female,18-30,0
778,female,18-30,0
779,female,18-30,0
780,female,18-30,0
781,female,18-30,0
782,female,18-30,0
783,female,18-30,0
784,female,18-30,0
785,female,18-30,0
786,female,18-30,0
787,female,18-30,0
788,female,18-30,0
789,female,18-30,0
790,female,18-30,1
791,female,18-30,1
792,female,18-30,0
793,female,18-30,0
794,female,18-30,0
795,female,18-30,0
796,female,18-30,0
797,female,18-30,0
798,female,18-30,0
799,female,18-30,0
800,female,18-30,0
801,female,18-30,0
802,female,18-30,0
803,female,18-30,0
804,female,18-30,0
805,female,18-30,0
806,female,18-30,1
807,female,18-30,0
808,female,18-30,0
809,female,18-30,0
810,female,18-30,0
811,female,18-30,0
812,female,18-30,0
813,female,18-30,0
814,female,18-30,1
815,female,18-30,0
816,female,18-30,0
817,female,18-30,0
818,female,18-30,0
819,female,18-30,0
820,female,18-30,0
821,female,18-30,0
822,female,18-30,0
823,female,18-30,0
824,female,18-30,1
825,female,18-30,0
826,female,18-30,0
827,female,18-30,0
828,female,18-30,0
829,female,18-30,0
830,female,18-30,0
831,female,18-30,0
832,female,18-30,0
833,female,18-30,0
834,female,18-30,0
835,female,18-30,0
836,female,18-30,0
837,female,18-30,0
838,female,18-30,0
839,female,18-30,0
840,female,18-30,0
841,female,18-30,1
842,female,18-30,0
843,female,18-30,0
844,female,18-30,0
845,female,18-30,0
846,female,18-30,0
847,female,18-30,1
848,female,18-30,0
849,female,18-30,0
850,female,18-30,0
851,female,18-30,0
852,female,18-30,0
853,female,18-30,1
854,female,18-30,0
855,female,18-30,0
856,female,18-30,0
857,female,18-30,1
858,female,18-30,0
859,female,18-30,0
860,female,18-30,1
861,female,18-30,0
862,female,18-30,0
863,female,18-30,0
864,female,18-30,0
865,female,18-30,0
866,female,18-30,0
867,female,18-30,0
868,female,18-30,0
869,female,18-30,0
870,female,18-30,0
871,female,18-30,0
872,female,18-30,0
873,female,18-30,0
874,female,18-30,0
875,female,18-30,1
876,female,18-30,0
877,female,18-30,0
878,female,18-30,0
879,female,18-30,1
880,female,18-30,0
881,female,18-30,0
882,female,18-30,1
883,female,18-30,0
884,female,18-30,0
885,female,18-30,0
886,female,18-30,1
887,female,18-30,0
888,female,18-30,0
889,female,18-30,0
890,female,18-30,0
891,female,18-30,0
892,female,18-30,0
893,female,18-30,0
894,female,18-30,0
895,female,18-30,0
896,female,18-30,0
897,female,18-30,0
898,female,18-30,0
899,female,18-30,0
900,female,18-30,0
901,female,18-30,1
902,female,18-30,0
903,female,18-30,1
904,female,18-30,0
905,female,18-30,0
906,female,18-30,0
907,female,18-30,0
908,female,18-30,1
909,female,18-30,0
910,female,18-30,0
911,female,18-30,0
912,female,18-30,0
913,female,18-30,1
914,female,18-30,0
915,female,18-30,0
916,female,18-30,1
917,female,18-30,0
918,female,18-30,0
919,female,18-30,0
920,female,18-30,0
921,female,18-30,0
922,female,18-30,0
923,female,18-30,0
924,female,18-30,1
925,female,18-30,0
926,female,18-30,0
927,female,18-30,0
928,female,18-30,0
929,female,18-30,0
930,female,18-30,0
931,female,18-30,1
932,female,18-30,0
933,female,18-30,0
934,female,18-30,0
935,female,18-30,1
936,female,18-30,0
937,female,18-30,0
938,female,18-30,1
939,female,18-30,1
940,female,18-30,0
941,female,18-30,1
942,female,18-30,0
943,female,18-30,0
944,female,18-30,0
945,female,18-30,0
946,female,18-30,0
947,female,18-30,0
948,female,18-30,0
949,female,18-30,0
950,female,18-30,0
951,female,18-30,0
952,female,18-30,0
953,female,18-30,1
954,female,18-30,0
955,female,18-30,0
956,female,18-30,1
957,female,18-30,0
958,female,18-30,0
959,female,18-30,0
960,female,18-30,0
961,female,18-30,0
962,female,18-30,0
963,female,18-30,0
964,female,18-30,0
965,female,18-30,1
966,female,18-30,0
967,female,18-30,0
968,female,18-30,0
969,female,18-30,0
970,female,18-30,0
971,female,18-30,0
972,female,18-30,0
973,female,18-30,0
974,female,18-30,0
975,female,18-30,0
976,female,18-30,0
977,female,18-30,1
978,female,18-30,0
979,female,18-30,0
980,female,18-30,0
981,female,18-30,0
982,female,18-30,0
983,female,18-30,1
984,female,18-30,0
985,female,18-30,1
986,female,18-30,0
987,female,18-30,0
988,female,18-30,0
989,female,18-30,0
990,female,18-30,0
991,female,18-30,0
992,female,18-30,0
993,female,18-30,0
994,female,18-30,0
995,female,18-30,0
996,female,18-30,0
997,female,18-30,0
998,female,18-30,0
999,female,18-30,0
1000,female,18-30,0
1001,female,18-30,0
1002,female,18-30,0
1003,female,18-30,0
1004,female,18-30,1
1005,female,18-30,1
1006,female,18-30,0
1007,female,18-30,0
1008,female,18-30,0
1009,female,18-30,0
1010,female,18-30,0
1011,female,18-30,0
1012,female,18-30,0
1013,female,18-30,0
1014,female,18-30,0
1015,female,18-30,0
1016,female,18-30,0
1017,female,18-30,0
1018,female,18-30,0
1019,female,18-30,0
1020,female,18-30,0
1021,female,18-30,0
1022,female,18-30,0
1023,female,18-30,0
1024,female,18-30,0
1025,female,18-30,0
1026,female,18-30,0
1027,female,18-30,0
1028,female,18-30,0
1029,female,18-30,0
1030,female,18-30,0
1031,female,18-30,0
1032,female,18-30,0
1033,female,18-30,0
1034,female,18-30,0
1035,female,18-30,0
1036,female,18-30,0
1037,female,18-30,0
1038,female,18-30,0
1039,female,18-30,0
1040,female,18-30,0
1041,female,18-30,0
1042,female,18-30,0
1043,female,18-30,0
1044,female,18-30,0
1045,female,18-30,0
1046,female,18-30,0
1047,female,18-30,0
1048,female,18-30,0
1049,female,18-30,1
1050,female,18-30,1
1051,female,18-30,0
1052,female,18-30,0
1053,female,18-30,1
1054,female,18-30,0
1055,female,18-30,0
1056,female,18-30,0
1057,female,18-30,0
1058,female,18-30,0
1059,female,18-30,0
1060,female,18-30,0
1061,female,18-30,0
1062,female,18-30,0
1063,female,18-30,0
1064,female,18-30,0
1065,female,18-30,0
1066,female,18-30,0
1067,female,18-30,0
1068,female,18-30,0
1069,female,18-30,1
1070,female,18-30,0
1071,female,18-30,0
1072,female,18-30,1
1073,female,18-30,1
1074,female,18-30,0
1075,female,18-30,0
1076,female,18-30,0
1077,female,18-30,0
1078,female,18-30,0
1079,female,18-30,0
1080,female,18-30,0
1081,female,18-30,0
1082,female,18-30,0
1083,female,18-30,0
1084,female,18-30,0
1085,female,18-30,0
1086,female,18-30,0
1087,female,18-30,0
1088,female,18-30,0
1089,female,18-30,0
1090,female,18-30,0
1091,female,18-30,0
1092,female,18-30,0
1093,female,18-30,0
1094,female,18-30,0
1095,female,18-30,0
1096,female,31-50,0
1097,female,31-50,1
1098,female,31-50,0
1099,female,31-50,0
1100,female,31-50,0
1101,female,31-50,0
1102,female,31-50,0
1103,female,31-50,0
1104,female,31-50,0
1105,female,31-50,0
1106,female,31-50,0
1107,female,31-50,0
1108,female,31-50,0
1109,female,31-50,1
1110,female,31-50,0
1111,female,31-50,0
1112,female,31-50,0
1113,female,31-50,0
1114,female,31-50,0
1115,female,31-50,0
1116,female,31-50,0
1117,female,31-50,0
1118,female,31-50,0
1119,female,31-50,0
1120,female,31-50,0
1121,female,31-50,0
1122,female,31-50,0
1123,female,31-50,0
1124,female,31-50,0
1125,female,31-50,0
1126,female,31-50,0
1127,female,31-50,0
1128,female,31-50,0
1129,female,31-50,0
1130,female,31-50,0
1131,female,31-50,0
1132,female,31-50,0
1133,female,31-50,0
1134,female,31-50,0
1135,female,31-50,0
1136,female,31-50,0
1137,female,31-50,0
1138,female,31-50,0
1139,female,31-50,0
1140,female,31-50,0
1141,female,31-50,0
1142,female,31-50,0
1143,female,31-50,0
1144,female,31-50,1
1145,female,31-50,0
1146,female,31-50,0
1147,female,31-50,0
1148,female,31-50,0
1149,female,31-50,0
1150,female,31-50,0
1151,female,31-50,0
1152,female,31-50,0
1153,female,31-50,0
1154,female,31-50,0
1155,female,31-50,0
1156,female,31-50,0
1157,female,31-50,0
1158,female,31-50,0
1159,female,31-50,0
1160,female,31-50,0
1161,female,31-50,0
1162,female,31-50,0
1163,female,31-50,0
1164,female,31-50,0
1165,female,31-50,0
1166,female,31-50,0
1167,female,31-50,0
1168,female,31-50,0
1169,female,31-50,0
1170,female,31-50,1
1171,female,31-50,0
1172,female,31-50,0
1173,female,31-50,0
1174,female,31-50,0
1175,female,31-50,0
1176,female,31-50,0
1177,female,31-50,0
1178,female,31-50,0
1179,female,31-50,0
1180,female,31-50,0
1181,female,31-50,0
1182,female,31-50,0
1183,female,31-50,0
1184,female,31-50,0
1185,female,31-50,0
1186,female,31-50,0
1187,female,31-50,0
1188,female,31-50,0
1189,female,31-50,0
1190,female,31-50,0
1191,female,31-50,0
1192,female,31-50,0
1193,female,31-50,0
1194,female,31-50,0
1195,female,31-50,0
1196,female,31-50,0
1197,female,31-50,0
1198,female,31-50,0
1199,female,31-50,1
1200,female,31-50,0
1201,female,31-50,0
1202,female,31-50,0
1203,female,31-50,0
1204,female,31-50,0
1205,female,31-50,0
1206,female,31-50,1
1207,female,31-50,0
1208,female,31-50,0
1209,female,31-50,0
1210,female,31-50,0
1211,female,31-50,0
1212,female,31-50,1
1213,female,31-50,0
1214,female,31-50,0
1215,female,31-50,0
1216,female,31-50,0
1217,female,31-50,0
1218,female,31-50,0
1219,female,31-50,0
1220,female,31-50,1
1221,female,31-50,0
1222,female,31-50,0
1223,female,31-50,0
1224,female,31-50,0
1225,female,31-50,1
1226,female,31-50,0
1227,female,31-50,0
1228,female,31-50,0
1229,female,31-50,0
1230,female,31-50,0
1231,female,31-50,0
1232,female,31-50,0
1233,female,31-50,0
1234,female,31-50,0
1235,female,31-50,0
1236,female,31-50,0
1237,female,31-50,0
1238,female,31-50,0
1239,female,31-50,0
1240,female,31-50,0
1241,female,31-50,0
1242,female,31-50,0
1243,female,31-50,0
1244,female,31-50,0
1245,female,31-50,0
1246,female,31-50,0
1247,female,31-50,0
1248,female,31-50,0
1249,female,31-50,0
1250,female,31-50,0
1251,female,31-50,0
1252,female,31-50,0
1253,female,31-50,0
1254,female,31-50,0
1255,female,31-50,0
1256,female,31-50,0
1257,female,31-50,0
1258,female,31-50,0
1259,female,31-50,1
1260,female,31-50,0
1261,female,31-50,0
1262,female,31-50,0
1263,female,31-50,0
1264,female,31-50,0
1265,female,31-50,0
1266,female,31-50,0
1267,female,31-50,0
1268,female,31-50,0
1269,female,31-50,0
1270,female,31-50,1
1271,female,31-50,0
1272,female,31-50,0
1273,female,31-50,0
1274,female,31-50,0
1275,female,31-50,0
1276,female,31-50,0
1277,female,31-50,0
1278,female,31-50,0
1279,female,31-50,0
1280,female,31-50,0
1281,female,31-50,0
1282,female,31-50,0
1283,female,31-50,0
1284,female,31-50,0
1285,female,31-50,0
1286,female,31-50,0
1287,female,31-50,0
1288,female,31-50,0
1289,female,31-50,0
1290,female,31-50,0
1291,female,31-50,0
1292,female,31-50,0
1293,female,31-50,0
1294,female,31-50,0
1295,female,31-50,0
1296,female,31-50,0
1297,female,31-50,0
1298,female,31-50,0
1299,female,31-50,0
1300,female,31-50,0
1301,female,31-50,0
1302,female,31-50,0
1303,female,31-50,0
1304,female,31-50,0
1305,female,31-50,0
1306,female,31-50,0
1307,female,31-50,0
1308,female,31-50,0
1309,female,31-50,0
1310,female,31-50,0
1311,female,31-50,0
1312,female,31-50,0
1313,female,31-50,0
1314,female,31-50,0
1315,female,31-50,0
1316,female,31-50,0
1317,female,31-50,0
1318,female,31-50,0
1319,female,31-50,0
1320,female,31-50,0
1321,female,31-50,0
1322,female,31-50,0
1323,female,31-50,0
1324,female,31-50,0
1325,female,31-50,1
1326,female,31-50,0
1327,female,31-50,0
1328,female,31-50,0
1329,female,31-50,0
1330,female,31-50,0
1331,female,31-50,0
1332,female,31-50,0
1333,female,31-50,0
1334,female,31-50,0
1335,female,31-50,0
1336,female,31-50,0
1337,female,31-50,0
1338,female,31-50,0
1339,female,31-50,0
1340,female,31-50,0
1341,female,31-50,0
1342,female,31-50,0
1343,female,31-50,0
1344,female,31-50,0
1345,female,31-50,0
1346,female,31-50,1
1347,female,31-50,0
1348,female,31-50,0
1349,female,31-50,0
1350,female,31-50,0
1351,female,31-50,0
1352,female,31-50,0
1353,female,31-50,0
1354,female,31-50,0
1355,female,31-50,0
1356,female,31-50,0
1357,female,31-50,0
1358,female,31-50,0
1359,female,31-50,0
1360,female,31-50,0
1361,female,31-50,0
1362,female,31-50,0
1363,female,31-50,0
1364,female,31-50,0
1365,female,31-50,0
1366,female,31-50,0
1367,female,31-50,0
1368,female,31-50,0
1369,female,31-50,0
1370,female,31-50,0
1371,female,31-50,0
1372,female,31-50,0
1373,female,31-50,0
1374,female,31-50,0
1375,female,31-50,0
1376,female,31-50,0
1377,female,31-50,0
1378,female,31-50,1
1379,female,31-50,0
1380,female,31-50,0
1381,female,31-50,0
1382,female,31-50,0
1383,female,31-50,0
1384,female,31-50,0
1385,female,31-50,0
1386,female,31-50,0
1387,female,31-50,0
1388,female,31-50,0
1389,female,31-50,0
1390,female,31-50,0
1391,female,31-50,1
1392,female,31-50,0
1393,female,31-50,0
1394,female,31-50,0
1395,female,31-50,0
1396,female,31-50,0
1397,female,31-50,0
1398,female,31-50,0
1399,female,31-50,0
1400,female,31-50,0
1401,female,31-50,0
1402,female,31-50,0
1403,female,31-50,0
1404,female,31-50,0
1405,female,31-50,0
1406,female,31-50,0
1407,female,31-50,0
1408,female,31-50,1
1409,female,31-50,0
1410,female,31-50,1
1411,female,31-50,0
1412,female,31-50,0
1413,female,31-50,0
1414,female,31-50,0
1415,female,31-50,0
1416,female,31-50,0
1417,female,31-50,0
1418,female,31-50,0
1419,female,31-50,0
1420,female,31-50,0
1421,female,31-50,0
1422,female,31-50,0
1423,female,31-50,0
1424,female,31-50,0
1425,female,31-50,0
1426,female,31-50,0
1427,female,31-50,0
1428,female,31-50,1
1429,female,31-50,0
1430,female,31-50,0
1431,female,31-50,0
1432,female,31-50,0
1433,female,31-50,0
1434,female,31-50,0
1435,female,31-50,0
1436,female,31-50,0
1437,female,31-50,0
1438,female,31-50,0
1439,female,31-50,0
1440,female,31-50,0
1441,female,31-50,0
1442,female,31-50,0
1443,female,31-50,0
1444,female,31-50,0
1445,female,31-50,0
1446,female,31-50,0
1447,female,31-50,0
1448,female,31-50,0
1449,female,31-50,0
1450,female,31-50,0
1451,female,31-50,0
1452,female,31-50,0
1453,female,31-50,0
1454,female,31-50,0
1455,female,31-50,0
1456,female,31-50,0
1457,female,31-50,0
1458,female,31-50,0
1459,female,31-50,0
1460,female,31-50,0
1461,female,31-50,1
1462,female,31-50,0
1463,female,31-50,0
1464,female,31-50,0
1465,female,31-50,0
1466,female,31-50,0
1467,female,31-50,0
1468,female,31-50,0
1469,female,31-50,0
1470,female,31-50,0
1471,female,31-50,0
1472,female,31-50,0
1473,female,31-50,0
1474,female,31-50,0
1475,female,31-50,0
1476,female,31-50,0
1477,female,31-50,0
1478,female,31-50,1
1479,female,31-50,0
1480,female,31-50,0
1481,female,31-50,0
1482,female,31-50,0
1483,female,31-50,0
1484,female,31-50,0
1485,female,31-50,1
1486,female,31-50,0
1487,female,31-50,0
1488,female,31-50,0
1489,female,31-50,0
1490,female,31-50,0
1491,female,31-50,0
1492,female,31-50,0
1493,female,31-50,1
1494,female,31-50,0
1495,female,31-50,0
1496,female,31-50,0
1497,female,31-50,1
1498,female,31-50,0
1499,female,31-50,0
1500,female,31-50,0
1501,female,31-50,0
1502,female,31-50,1
1503,female,31-50,0
1504,female,31-50,0
1505,female,31-50,0
1506,female,31-50,0
1507,female,31-50,0
1508,female,31-50,0
1509,female,31-50,0
1510,female,31-50,0
1511,female,31-50,0
1512,female,31-50,1
1513,female,31-50,0
1514,female,31-50,0
1515,female,31-50,0
1516,female,31-50,0
1517,female,31-50,0
1518,female,31-50,0
1519,female,31-50,0
1520,female,31-50,0
1521,female,31-50,0
1522,female,31-50,0
1523,female,31-50,0
1524,female,31-50,0
1525,female,31-50,0
1526,female,31-50,0
1527,female,31-50,0
1528,female,31-50,0
1529,female,31-50,0
1530,female,31-50,0
1531,female,31-50,0
1532,female,31-50,0
1533,female,31-50,0
1534,female,31-50,0
1535,female,31-50,0
1536,female,31-50,0
1537,female,31-50,0
1538,female,31-50,0
1539,female,31-50,0
1540,female,31-50,0
1541,female,31-50,0
1542,female,31-50,0
1543,female,31-50,0
1544,female,31-50,0
1545,female,31-50,0
1546,female,31-50,0
1547,female,31-50,0
1548,female,31-50,0
1549,female,31-50,0
1550,female,31-50,1
1551,female,31-50,1
1552,female,31-50,0
1553,female,31-50,0
1554,female,31-50,0
1555,female,31-50,0
1556,female,31-50,0
1557,female,31-50,0
1558,female,31-50,0
1559,female,31-50,0
1560,female,31-50,1
1561,female,31-50,0
1562,female,31-50,0
1563,female,31-50,0
1564,female,31-50,0
1565,female,31-50,0
1566,female,31-50,0
1567,female,31-50,0
1568,female,31-50,0
1569,female,31-50,0
1570,female,31-50,0
1571,female,31-50,0
1572,female,31-50,0
1573,female,31-50,0
1574,female,31-50,0
1575,female,31-50,0
1576,female,31-50,0
1577,female,31-50,0
1578,female,31-50,0
1579,female,31-50,0
1580,female,31-50,0
1581,female,31-50,0
1582,female,31-50,0
1583,female,31-50,0
1584,female,31-50,0
1585,female,31-50,0
1586,female,31-50,0
1587,female,31-50,0
1588,female,31-50,0
1589,female,31-50,0
1590,female,31-50,0
1591,female,31-50,0
1592,female,31-50,0
1593,female,31-50,0
1594,female,31-50,0
1595,female,31-50,0
1596,female,31-50,0
1597,female,31-50,0
1598,female,31-50,0
1599,female,31-50,0
1600,female,31-50,0
1601,female,31-50,0
1602,female,31-50,0
1603,female,31-50,0
1604,female,31-50,0
1605,female,31-50,0
1606,female,31-50,0
1607,female,31-50,0
1608,female,31-50,0
1609,female,31-50,0
1610,female,31-50,0
1611,female,31-50,0
1612,female,31-50,0
1613,female,31-50,0
1614,female,31-50,1
1615,female,31-50,1
1616,female,31-50,0
1617,female,31-50,0
1618,female,31-50,0
1619,female,31-50,0
1620,female,31-50,0
1621,female,31-50,0
1622,female,31-50,0
1623,female,31-50,0
1624,female,31-50,0
1625,female,31-50,0
1626,female,31-50,0
1627,female,31-50,0
1628,female,31-50,0
1629,female,31-50,0
1630,female,31-50,0
1631,female,31-50,0
1632,female,31-50,0
1633,female,31-50,0
1634,female,31-50,0
1635,female,31-50,0
1636,female,31-50,0
1637,female,31-50,0
1638,female,31-50,0
1639,female,31-50,0
1640,female,31-50,0
1641,female,31-50,0
1642,female,31-50,0
1643,female,31-50,0
1644,female,31-50,1
1645,female,31-50,0
1646,female,31-50,0
1647,female,31-50,0
1648,female,31-50,0
1649,female,31-50,0
1650,female,31-50,0
1651,female,31-50,0
1652,female,31-50,0
1653,female,31-50,0
1654,female,31-50,0
1655,female,31-50,0
1656,female,31-50,0
1657,female,31-50,0
1658,female,31-50,0
1659,female,31-50,0
1660,female,31-50,0
1661,female,31-50,0
1662,female,31-50,0
1663,female,31-50,0
1664,female,31-50,0
1665,female,31-50,0
1666,female,31-50,0
1667,female,31-50,0
1668,female,31-50,0
1669,female,31-50,0
1670,female,31-50,0
1671,female,31-50,0
1672,female,31-50,0
1673,female,31-50,0
1674,female,31-50,0
1675,female,31-50,0
1676,female,31-50,0
1677,female,31-50,0
1678,female,31-50,0
1679,female,31-50,0
1680,female,31-50,0
1681,female,31-50,0
1682,female,31-50,0
1683,female,31-50,1
1684,female,31-50,0
1685,female,31-50,0
1686,female,31-50,0
1687,female,31-50,0
1688,female,31-50,0
1689,female,31-50,0
1690,female,31-50,1
1691,female,31-50,0
1692,female,31-50,0
1693,female,31-50,0
1694,female,31-50,0
1695,female,31-50,0
1696,female,31-50,0
1697,female,31-50,1
1698,female,31-50,0
1699,female,31-50,0
1700,female,31-50,0
1701,female,31-50,0
1702,female,31-50,0
1703,female,31-50,0
1704,female,51+,0
1705,female,51+,0
1706,female,51+,0
1707,female,51+,0
1708,female,51+,0
1709,female,51+,1
1710,female,51+,0
1711,female,51+,0
1712,female,51+,0
1713,female,51+,0
1714,female,51+,0
1715,female,51+,0
1716,female,51+,0
1717,female,51+,0
1718,female,51+,0
1719,female,51+,0
1720,female,51+,0
1721,female,51+,0
1722,female,51+,0
1723,female,51+,0
1724,female,51+,0
1725,female,51+,0
1726,female,51+,0
1727,female,51+,0
1728,female,51+,0
1729,female,51+,0
1730,female,51+,0
1731,female,51+,1
1732,female,51+,0
1733,female,51+,0
1734,female,51+,0
1735,female,51+,0
1736,female,51+,0
1737,female,51+,0
1738,female,51+,0
1739,female,51+,0
1740,female,51+,0
1741,female,51+,0
1742,female,51+,0
1743,female,51+,0
1744,female,51+,0
1745,female,51+,0
1746,female,51+,0
1747,female,51+,0
1748,female,51+,0
1749,female,51+,0
1750,female,51+,0
1751,female,51+,1
1752,female,51+,0
1753,female,51+,0
1754,female,51+,0
1755,female,51+,0
1756,female,51+,0
1757,female,51+,0
1758,female,51+,0
1759,female,51+,0
1760,female,51+,0
1761,female,51+,0
1762,female,51+,0
1763,female,51+,0
1764,female,51+,0
1765,female,51+,0
1766,female,51+,1
1767,female,51+,0
1768,female,51+,0
1769,female,51+,0
1770,female,51+,0
1771,female,51+,0
1772,female,51+,0
1773,female,51+,0
1774,female,51+,0
1775,female,51+,0
1776,female,51+,0
1777,female,51+,0
1778,female,51+,0
1779,female,51+,0
1780,female,51+,0
1781,female,51+,0
1782,female,51+,0
1783,female,51+,0
1784,female,51+,0
1785,female,51+,0
1786,female,51+,0
1787,female,51+,0
1788,female,51+,0
1789,female,51+,0
1790,female,51+,0
1791,female,51+,0
1792,female,51+,0
1793,female,51+,0
1794,female,51+,0
1795,female,51+,0
1796,female,51+,0
1797,female,51+,0
1798,female,51+,0
1799,female,51+,0
1800,female,51+,0
1801,female,51+,0
1802,female,51+,0
1803,female,51+,0
1804,female,51+,0
1805,female,51+,0
1806,female,51+,0
1807,female,51+,0
1808,female,51+,0
1809,female,51+,0
1810,female,51+,0
1811,female,51+,0
1812,female,51+,0
1813,female,51+,0
1814,female,51+,0
1815,female,51+,0
1816,female,51+,0
1817,female,51+,0
1818,female,51+,0
1819,female,51+,0
1820,female,51+,0
1821,female,51+,1
1822,female,51+,0
1823,female,51+,0
1824,female,51+,0
1825,female,51+,0
1826,female,51+,0
1827,female,51+,0
1828,female,51+,0
1829,female,51+,0
1830,female,51+,0
1831,female,51+,0
1832,female,51+,0
1833,female,51+,0
1834,female,51+,0
1835,female,51+,0
1836,female,51+,0
1837,female,51+,0
1838,female,51+,0
1839,female,51+,0
1840,female,51+,0
1841,female,51+,0
1842,female,51+,0
1843,female,51+,0
1844,female,51+,0
1845,female,51+,0
1846,female,51+,0
1847,female,51+,0
1848,female,51+,0
1849,female,51+,0
1850,female,51+,0
1851,female,51+,0
1852,female,51+,0
1853,female,51+,0
1854,female,51+,0
1855,female,51+,0
1856,female,51+,0
1857,female,51+,1
1858,female,51+,0
1859,female,51+,0
1860,female,51+,0
1861,female,51+,0
1862,female,51+,0
1863,female,51+,0
1864,female,51+,0
1865,female,51+,0
1866,female,51+,0
1867,female,51+,0
1868,female,51+,0
1869,female,51+,0
1870,female,51+,0
1871,female,51+,0
1872,female,51+,0
1873,female,51+,0
1874,female,51+,0
1875,female,51+,0
1876,female,51+,0
1877,female,51+,0
1878,female,51+,0
1879,female,51+,0
1880,female,51+,0
1881,female,51+,0
1882,female,51+,0
1883,female,51+,0
1884,female,51+,0
1885,female,51+,0
1886,female,51+,0
1887,female,51+,0
1888,female,51+,0
1889,female,51+,0
1890,female,51+,0
1891,female,51+,0
1892,female,51+,1
1893,female,51+,0
1894,female,51+,0
1895,female,51+,1
1896,female,51+,0
1897,female,51+,0
1898,female,51+,0
1899,female,51+,0
1900,female,51+,0
1901,female,51+,0
1902,female,51+,0
1903,female,51+,0
1904,female,51+,0
1905,female,51+,0
1906,female,51+,0
1907,female,51+,0
1908,female,51+,0
1909,female,51+,0
1910,female,51+,0
1911,female,51+,0
1912,female,51+,0
1913,female,51+,0
1914,female,51+,0
1915,female,51+,0
1916,female,51+,0
1917,female,51+,0
1918,female,51+,0
1919,female,51+,0
1920,female,51+,0
1921,female,51+,0
1922,female,51+,0
1923,female,51+,1
1924,female,51+,0
1925,female,51+,0
1926,female,51+,0
1927,female,51+,0
1928,female,51+,0
1929,female,51+,0
1930,female,51+,0
1931,female,51+,0
1932,female,51+,0
1933,female,51+,0
1934,female,51+,0
1935,female,51+,0
1936,female,51+,0
1937,female,51+,0
1938,female,51+,0
1939,female,51+,0
1940,female,51+,0
1941,female,51+,0
1942,female,51+,0
1943,female,51+,0
1944,female,51+,0
1945,female,51+,0
1946,female,51+,0
1947,female,51+,0
1948,female,51+,0
1949,female,51+,0
1950,female,51+,0
1951,female,51+,0
1952,female,51+,0
1953,female,51+,0
1954,female,51+,0
1955,female,51+,0
1956,female,51+,0
1957,female,51+,0
1958,female,51+,0
1959,female,51+,0
1960,female,51+,0
1961,female,51+,1
1962,female,51+,0
1963,female,51+,0
1964,female,51+,0
1965,female,51+,0
1966,female,51+,0
1967,female,51+,0
1968,female,51+,0
1969,female,51+,0
1970,female,51+,0
1971,female,51+,0
1972,female,51+,0
1973,female,51+,0
1974,female,51+,0
1975,female,51+,0
1976,female,51+,0
1977,female,51+,0
1978,female,51+,0
1979,female,51+,0
1980,female,51+,0
1981,female,51+,0
1982,female,51+,0
1983,female,51+,0
1984,female,51+,0
1985,female,51+,0
1986,female,51+,0
1987,female,51+,0
1988,female,51+,0
1989,female,51+,0
1990,female,51+,0
1991,female,51+,0
1992,female,51+,0
1993,female,51+,0
1994,female,51+,0
1995,female,51+,0
1996,female,51+,0
1997,female,51+,0
1998,female,51+,0
1999,female,51+,0
2000,female,51+,0
2001,female,51+,0
2002,female,51+,0
2003,female,51+,0
2004,female,51+,0
2005,female,51+,0
2006,female,51+,0
2007,female,51+,0
2008,female,51+,0
2009,female,51+,0
2010,female,51+,0
2011,female,51+,0
2012,female,51+,0
2013,female,51+,0
2014,female,51+,0
2015,female,51+,1
2016,female,51+,0
2017,female,51+,0
2018,female,51+,0
2019,female,51+,0
2020,female,51+,0
2021,female,51+,1
2022,female,51+,0
2023,female,51+,1
2024,female,51+,0
2025,female,51+,0
2026,female,51+,0
2027,female,51+,0
2028,female,51+,0
2029,female,51+,0
2030,female,51+,0
2031,female,51+,0
2032,female,51+,0
2033,female,51+,0
2034,female,51+,0
2035,female,51+,0
2036,female,51+,0
2037,female,51+,0
2038,female,51+,0
2039,female,51+,0
2040,female,51+,0
2041,female,51+,0
2042,female,51+,0
2043,female,51+,0
2044,female,51+,0
2045,female,51+,0
2046,female,51+,0
2047,female,51+,0
2048,female,51+,0
2049,female,51+,0
2050,female,51+,0
2051,female,51+,0
2052,female,51+,0
2053,female,51+,0
2054,female,51+,0
2055,female,51+,0
2056,female,51+,0
2057,female,51+,0
2058,female,51+,0
2059,female,51+,0
2060,female,51+,0
2061,female,51+,0
2062,female,51+,0
2063,female,51+,0
2064,female,51+,0
2065,female,51+,0
2066,female,51+,0
2067,female,51+,0
2068,female,51+,0
2069,female,51+,0
2070,female,51+,0
2071,female,51+,0
2072,female,51+,0
2073,female,51+,0
2074,female,51+,0
2075,female,51+,0
2076,female,51+,0
2077,female,51+,0
2078,female,51+,0
2079,female,51+,0
2080,female,51+,0
2081,female,51+,0
2082,female,51+,0
2083,female,51+,0
2084,female,51+,0
2085,female,51+,0
2086,female,51+,0
2087,female,51+,0
2088,female,51+,1
2089,female,51+,0
2090,female,51+,0
2091,female,51+,0
2092,female,51+,0
2093,female,51+,0
2094,female,51+,0
2095,female,51+,0
2096,female,51+,0
2097,female,51+,0
2098,female,51+,0
2099,female,51+,0
2100,female,51+,0
